Time (s),ECG (mV)
0.0,0.0
0.0040032025620496394,0.0016723534548784076
0.008006405124099279,0.0033428355136594016
0.012009607686148917,0.005009576874374259
0.016012810248198558,0.006670712420968271
0.020016012810248198,0.008324383310401948
0.024019215372297835,0.009968739052732583
0.028022417934347475,0.01160193958184857
0.032025620496397116,0.01322215731453921
0.036028823058446756,0.014827579195595948
0.040032025620496396,0.01641640872665646
0.044035228182546036,0.017986867976521326
0.04803843074459567,0.019537199570693685
0.05204163330664531,0.021065668657915523
0.05604483586869495,0.022570564851500052
0.06004803843074459,0.024050204143287693
0.06405124099279423,0.025502930788084074
0.06805444355484387,0.02692711915647111
0.07205764611689351,0.028321175553918006
0.07606084867894315,0.029683540004156506
0.08006405124099279,0.031012687994824706
0.08406725380304243,0.032307132183426096
0.08807045636509207,0.0335654240616948
0.09207365892714171,0.03478615557650452
0.09607686148919134,0.03596796070550745
0.10008006405124098,0.037109516985739874
0.10408326661329062,0.03820954699348398
0.10808646917534026,0.039266819773729936
0.1120896717373899,0.04028015221763845
0.11609287429943954,0.04124841038646267
0.12009607686148918,0.04217051078044773
0.12409927942353882,0.043045421551288064
0.12810248198558846,0.043872163656785756
0.1321056845476381,0.04464981195641788
0.13610888710968774,0.04537749624658671
0.14011208967173738,0.04605440223439452
0.14411529223378702,0.04667977244885324
0.14811849479583666,0.04725290708850918
0.1521216973578863,0.047773164804534564
0.15612489991993594,0.048239963418409304
0.16012810248198558,0.048652780573390106
0.16413130504403523,0.04901115431903791
0.16813450760608487,0.04931468362814937
0.1721377101681345,0.04956302884551412
0.17614091273018415,0.04975591206799557
0.1801441152922338,0.04989311745550996
0.18414731785428343,0.04997449147255556
0.18815052041633307,0.049999943060021916
0.19215372297838268,0.04996944373708684
0.19615692554043232,0.04988302763308686
0.20016012810248196,0.049740791449325944
0.2041633306645316,0.049542894350864855
0.20816653322658124,0.04928955778841224
0.21216973578863088,0.0489810652505171
0.21617293835068052,0.04861776194633948
0.22017614091273016,0.04820005441935479
0.2241793434747798,0.04772841009242363
0.22818254603682944,0.04720335674473661
0.23218574859887908,0.04662548192121905
0.23618895116092872,0.045995432275056855
0.24019215372297836,0.04531391284407894
0.244195356285028,0.044581686261806176
0.24819855884707764,0.04379957190404963
0.2522017614091273,0.042968444972013076
0.2562049639711769,0.0420892355129258
0.26020816653322654,0.04116292737930158
0.2642113690952762,0.04019055712798861
0.2682145716573258,0.039173212860242196
0.2722177742193755,0.03811203300411822
0.2762209767814251,0.037008205040549996
0.28022417934347477,0.03586296417453393
0.2842273819055244,0.0346775919529111
0.28823058446757405,0.03345341483029133
0.29223378702962366,0.03219180268472475
0.2962369895916733,0.03089416728478139
0.30024019215372294,0.029561960709754864
0.3042433947157726,0.028196673724757093
0.3082465972778222,0.02679983411252337
0.3122497998398719,0.02537300496379348
0.3162530024019215,0.0239177829281829
0.32025620496397117,0.022435796427500623
0.3242594075260208,0.020928703833513564
0.32826261008807045,0.019398191612196056
0.33226581265012006,0.017845972436541815
0.33626901521216973,0.01627378327004926
0.34027221777421934,0.014683383423025706
0.344275420336269,0.013076552583884689
0.3482786228983186,0.011455088827640134
0.3522818254603683,0.009820806603825153
0.3562850280224179,0.008175534706087943
0.3602882305844676,0.0065211142257358265
0.3642914331465172,0.004859396491518385
0.36829463570856685,0.0031922409979543843
0.37229783827061647,0.0015215133245212583
0.37630104083266613,-0.00015091695196471126
0.38030424339471575,-0.0018231783494411903
0.38430744595676536,-0.0034933995748248135
0.388310648518815,-0.005159711618024534
0.39231385108086464,-0.006820249843400241
0.3963170536429143,-0.008473156076326609
0.4003202562049639,-0.010116580682526403
0.4043234587670136,-0.011748684637847522
0.4083266613290632,-0.01336764158616667
0.41232986389111287,-0.014971639883117588
0.4163330664531625,-0.016558884623356297
0.42033626901521215,-0.01812759964909521
0.42433947157726176,-0.019676029537658193
0.42834267413931143,-0.021202441565832914
0.43234587670136104,-0.02270512764882168
0.4363490792634107,-0.024182406251621755
0.4403522818254603,-0.025632624270695733
0.44435548438751,-0.027054158883826604
0.4483586869495596,-0.028445419366087372
0.45236188951160927,-0.02980484886989339
0.4563650920736589,-0.03113092616714492
0.46036829463570855,-0.03242216735151129
0.46437149719775817,-0.03367712749895071
0.46837469975980783,-0.03489440228460863
0.47237790232185745,-0.03607262955428447
0.4763811048839071,-0.03721049084870884
0.4803843074459567,-0.038306712878925
0.4843875100080064,-0.039360068951124205
0.488390712570056,-0.040369380339339705
0.4923939151321057,-0.04133351760446441
0.4963971176941553,-0.042251401858114886
0.500400320256205,-0.04312200596992878
0.5044035228182546,-0.04394435571694356
0.5084067253803042,-0.04471753087377092
0.5124099279423538,-0.045440666242347175
0.5164131305044035,-0.04611295262010648
0.5204163330664531,-0.04673363770549434
0.5244195356285027,-0.04730202693980785
0.5284227381905524,-0.04781748428442021
0.5324259407526021,-0.04827943293252049
0.5364291433146516,-0.048687355954571576
0.5404323458767013,-0.04904079687676452
0.544435548438751,-0.04933936019182152
0.5484387510008006,-0.0495827118015763
0.5524419535628502,-0.04977057939083648
0.5564451561248999,-0.04990275273210957
0.5604483586869495,-0.04997908392085165
0.5644515612489992,-0.049999487540975364
0.5684547638110488,-0.04996394076043234
0.5724579663730984,-0.0498724833567625
0.5764611689351481,-0.04972521767258236
0.5804643714971978,-0.049522308501061624
0.5844675740592473,-0.04926398290151637
0.588470776621297,-0.04895052994532527
0.5924739791833467,-0.04858230039245311
0.5964771817453963,-0.04815970629894354
0.6004803843074459,-0.047683220555820346
0.6044835868694955,-0.04715337635991312
0.6084867894315452,-0.04657076661719973
0.6124899919935949,-0.04593604327933286
0.6164931945556444,-0.045249916614093555
0.6204963971176941,-0.04451315441058753
0.6244995996797438,-0.04372658112007441
0.6285028022417934,-0.04289107693339059
0.632506004803843,-0.042007576795998564
0.6365092073658927,-0.041077069361764744
0.6405124099279423,-0.0401005958866365
0.6445156124899919,-0.039079249063456604
0.6485188150520416,-0.03801417179921836
0.6525220176140912,-0.036906555936130674
0.6565252201761409,-0.035757640917923376
0.6605284227381905,-0.034568712402885414
0.6645316253002401,-0.03334110082518825
0.6685348278622898,-0.0320761799061041
0.6725380304243395,-0.030775365116785042
0.676541232986389,-0.02944011209432339
0.6805444355484387,-0.028071915012865017
0.6845476381104884,-0.02667230491159991
0.688550840672538,-0.02524284798149903
0.6925540432345876,-0.023785143812716472
0.6965572457966372,-0.02230082360461652
0.7005604483586869,-0.02079154834043011
0.7045636509207366,-0.019259006928582206
0.7085668534827861,-0.01770491431277016
0.7125700560448358,-0.016131009552908467
0.7165732586068855,-0.014539053879086803
0.7205764611689351,-0.012930828720719201
0.7245796637309847,-0.011308133713090038
0.7285828662930344,-0.00967278468352662
0.732586068855084,-0.008026611619453625
0.7365892714171337,-0.006371456620601061
0.7405924739791833,-0.004709171837658983
0.7445956765412329,-0.0030416173996847453
0.7485988791032826,-0.0013706593325823076
0.7526020816653323,0.00030183252901693543
0.7566052842273818,0.0019739866341357518
0.7606084867894315,0.003643931809753124
0.7646116893514812,0.005309799354682919
0.7686148919135307,0.006969725130687359
0.7726180944755804,0.00862185164848381
0.77662129703763,0.010264330146311564
0.7806244995996797,0.011895322658732096
0.7846277021617293,0.013513004073348413
0.788630904723779,0.015115564173141416
0.7926341072858286,0.01670120966213765
0.7966373098478783,0.018268166172142882
0.8006405124099278,1.2198146802482943
0.8046437149719775,-0.47866097868878904
0.8086469175340272,0.8228394835935459
0.8126501200960768,0.024314388048772156
0.8166533226581264,0.025762084230070106
0.8206565252201761,0.027180952137208197
0.8246597277822257,0.02856940402935545
0.8286629303442754,0.029925886201794247
0.832666132906325,0.03124888072454603
0.8366693354683746,0.03253690714096493
0.8406725380304243,0.033788524124397055
0.844675740592474,0.035002331091053523
0.8486789431545235,0.03617696976729081
0.8526821457165732,0.03731112570954546
0.8566853482786229,0.03840352977522207
0.8606885508406725,0.03945295954288849
0.8646917534027221,0.04045824068018933
0.8686949559647718,0.04141824825794671
0.8726981585268214,0.04233190800897789
0.8767013610888711,0.04319819753022124
0.8807045636509206,0.044016147426825046
0.8847077662129703,0.0447848423969195
0.88871096877502,0.045503422255857004
0.8927141713370697,0.046171082898775785
0.8967173738991192,0.04678707720040881
0.9007205764611689,0.04735071585113153
0.9047237790232185,0.04786136812831277
0.9087269815852681,0.04831846260210562
0.9127301841473178,0.048721487774888654
0.9167333867093674,0.04906999265364164
0.9207365892714171,0.04936358725461554
0.9247397918334667,0.04960194303973195
0.9287429943955163,0.0497847932842236
0.932746196957566,0.04991193337510455
0.9367493995196157,0.04998322104013611
0.9407526020816652,0.049998576507032225
0.9447558046437149,0.049957982592726324
0.9487590072057646,0.04986148472259935
0.9527622097678142,0.04970919087964799
0.9567654123298638,0.04950127148364958
0.9607686148919135,0.049237959200458974
0.9647718174539631,0.048919548681651
0.9687750200160128,0.04854639623479961
0.9727782225780623,0.04811891942476274
0.976781425140112,0.04763759660641907
0.9807846277021617,0.04710296638937961
0.9847878302642114,0.046515627035273094
0.9887910328262609,0.04587623578827959
0.9927942353883106,0.045185508139661254
0.9967974379503602,0.04444421702711394
1.00080064051241,0.043653191969834734
1.0048038430744595,0.04281331814027375
1.0088070456365092,0.04192553537360887
1.0128102481985588,0.040990837116052316
1.0168134507606084,0.04001026931316433
1.0208166533226581,0.03898492923942007
1.0248198558847077,0.03791596427033822
1.0288230584467573,0.03680457059854502
1.032826261008807,0.03565199189521188
1.0368294635708566,0.03445951791836282
1.0408326661329061,0.03322848306961011
1.044835868694956,0.03196026490093291
1.0488390712570055,0.030656282573169914
1.0528422738190553,0.02931799526795057
1.0568454763811048,0.027946900554842488
1.0608486789431544,0.026544532715541736
1.0648518815052042,0.025112461026981794
1.0688550840672537,0.0236522880052826
1.0728582866293033,0.02216564761250292
1.076861489191353,0.020654203428205467
1.0808646917534026,0.01911964678787914
1.0848678943154524,0.017563694890301015
1.088871096877502,0.015988088875958442
1.0928742994395515,0.014394591878677846
1.0968775020016013,0.012784987052644185
1.1008807045636508,0.011161075577016876
1.1048839071257004,0.00952467464037462
1.1088871096877502,0.007877615407246567
1.1128903122497997,0.006221740969003293
1.1168935148118495,0.004558904281401368
1.120896717373899,0.002890966091090393
1.1248999199359486,0.0012197928534005342
1.1289031224979984,-0.0004527453562567336
1.132906325060048,-0.0021247769350397094
1.1369095276220975,-0.0037944308470366905
1.1409127301841473,-0.005459838716991427
1.1449159327461969,-0.007119136921051265
1.1489191353082466,-0.008770468672198798
1.1529223378702962,-0.01041198609803256
1.1569255404323457,-0.012041852308572474
1.1609287429943955,-0.013658243451775385
1.164931945556445,-0.015259350754460835
1.1689351481184946,-0.016843382546363674
1.1729383506805444,-0.018408566265048235
1.176941553242594,-0.019953150439439668
1.1809447558046435,-0.021475406649754742
1.1849479583666933,-0.02297363146163713
1.1889511609287429,-0.024446148332333047
1.1929543634907926,-0.0258913094867763
1.1969575660528422,-0.027307497761479754
1.2009607686148918,-0.028693128414173402
1.2049639711769415,-0.030046650897161645
1.208967173738991,-0.03136655059241591
1.2129703763010407,-0.03265135050646258
1.2169735788630904,-0.03389961292316697
1.22097678142514,-0.03510994101256553
1.2249799839871898,-0.036280980393946366
1.2289831865492393,-0.037411420651426844
1.2329863891112889,-0.03849999680033531
1.2369895916733387,-0.03954549070275315
1.2409927942353882,-0.04054673243063481
1.2449959967974378,-0.041502601574980175
1.2489991993594876,-0.04241202849959422
1.2530024019215371,-0.043273995538030435
1.257005604483587,-0.044087538132379735
1.2610088070456364,-0.044851745912629255
1.265012009607686,-0.04556576371538429
1.2690152121697358,-0.04622879254081288
1.2730184147317853,-0.046840090446741915
1.277021617293835,-0.04739897337890517
1.2810248198558847,-0.04790481593641324
1.2850280224179342,-0.04835705207158916
1.2890312249799838,-0.048755175723387084
1.2930344275420336,-0.049098741383684294
1.2970376301040831,-0.04938736459581339
1.301040832666133,-0.04962072238477699
1.3050440352281825,-0.04979855361866282
1.309047237790232,-0.04992065930085564
1.3130504403522818,-0.04998690279271815
1.3170536429143314,-0.049997209966492366
1.321056845476381,-0.049951569288250036
1.3250600480384307,-0.049850031830799287
1.3290632506004803,-0.04969271121653322
1.33306645316253,-0.04947978349028417
1.3370696557245796,-0.04921148692232615
1.3410728582866291,-0.04888812174174574
1.345076060848679,-0.04851004980047993
1.3490792634107285,-0.048077694168396766
1.353082465972778,-0.04759153865987184
1.3570856685348278,-0.04705212729239061
1.3610888710968774,-0.04646006367778235
1.3650920736589272,-0.04581601034676658
1.3690952762209767,-0.045120688007568445
1.3730984787830263,-0.044374874739431996
1.377101681345076,-0.04357940512193441
1.3811048839071256,-0.04273516930107546
1.3851080864691752,-0.041843111993186306
1.389111289031225,-0.04090423142777383
1.3931144915932745,-0.03991957823048243
1.3971176941553243,-0.0388902542474231
1.4011208967173738,-0.03781741131218677
1.4051240992794234,-0.03670224995691938
1.4091273018414732,-0.035546018068903396
1.4131305044035227,-0.03435000949414777
1.4171337069655723,-0.033115562589548606
1.421136909527622,-0.03184405872524216
1.4251401120896716,-0.03053692073882456
1.4291433146517212,-0.029195611343168698
1.433146517213771,-0.027821631489620115
1.4371497197758205,-0.02641651868840338
1.4411529223378703,-0.024981845288117983
1.4451561248999198,-0.023519216716249763
1.4491593274619694,-0.02203026968266602
1.4531625300240192,-0.020516670348105476
1.4571657325860687,-0.018980112459712078
1.4611689351481183,-0.017422315455698806
1.465172137710168,-0.01584502254126257
1.4691753402722176,-0.01424999873790418
1.4731785428342674,-0.012639028908334272
1.477181745396317,-0.011013915759177727
1.4811849479583665,-0.009376477823709588
1.4851881505204163,-0.007728547426880639
1.4891913530824659,-0.006071968634910694
1.4931945556445154,-0.004408595191741956
1.4971977582065652,-0.00274028844466361
1.5012009607686148,-0.0010689152614285539
1.5052041633306645,0.0006036540588091299
1.509207365892714,0.0022755478783943067
1.5132105684547636,0.0039448953155705
1.5172137710168134,0.005609828338032845
1.521216973578863,0.007268483853292013
1.5252201761409125,0.008919005793512071
1.5292233787029623,0.010559547192485925
1.5332265812650119,0.012188272252426316
1.5372297838270614,0.013803358398259922
1.5412329863891112,0.015402998317123768
1.5452361889511608,0.016985401980783785
1.5492393915132106,0.018548798648711538
1.55324259407526,0.02009143884957686
1.5572457966373097,0.021611596338940622
1.5612489991993594,0.023107570030956114
1.565252201761409,0.02457768590191671
1.5692554043234586,0.026020298863521536
1.5732586068855083,0.027433794603761198
1.577261809447558,0.028816591393363816
1.5812650120096077,0.030167141855781898
1.5852682145716572,0.031483934698735935
1.5892714171337068,0.032765496405380484
1.5932746196957566,0.03401039288319809
1.5972778222578061,0.03521723106877628
1.6012810248198557,1.2363846604866735
1.6052842273819055,-0.46248862523937323
1.609287429943955,0.8385961130754125
1.6132906325060048,0.03963766158772318
1.6172938350680544,0.040634854784481644
1.621297037630104,0.041586576787073073
1.6253002401921537,0.04249176260003482
1.6293034427542032,0.043349399302806936
1.6333066453162528,0.044158527183210304
1.6373098478783026,0.04491824081138299
1.6413130504403521,0.04562769005297399
1.645316253002402,0.04628608102046031
1.6493194555644515,0.046892676961522245
1.653322658126501,0.04744679908348387
1.6573258606885508,0.04794782731289508
1.6613290632506004,0.04839520098940592
1.66533226581265,0.0487884194931565
1.6693354683746997,0.049127042804980314
1.6733386709367493,0.04941069199879422
1.6773418734987988,0.049639049665624185
1.6813450760608486,0.04981186026879211
1.6853482786228982,0.04992893042986626
1.689351481184948,0.04999012914505559
1.6933546837469975,0.049995387931805496
1.697357886309047,0.04994470090543118
1.7013610888710968,0.04983812478570263
1.7053642914331464,0.04967577883337421
1.709367493995196,0.04945784471672945
1.7133706965572457,0.049184566308290704
1.7173738991192953,0.0488562494119212
1.721377101681345,0.0484732614206243
1.7253803042433946,0.04803603090542383
1.7293835068054442,0.04754504713578453
1.733386709367494,0.04700085953211018
1.7373899119295435,0.04640407705093139
1.741393114491593,0.04575536750347131
1.7453963170536428,0.04505545680835191
1.7493995196156924,0.04430512817927696
1.7534027221777422,0.043505221248600595
1.7574059247397917,0.042656631127762364
1.7614091273018413,0.04176030740563998
1.765412329863891,0.04081725308594097
1.7694155324259406,0.03982852346482203
1.7734187349879902,0.03879522494999207
1.77742193755004,0.037718513822620155
1.7814251401120895,0.03659959494343482
1.7854283426741393,0.03543972040446095
1.7894315452361889,0.03424018812790481
1.7934347477982384,0.03300234041375367
1.7974379503602882,0.031727562437715726
1.8014411529223378,0.030417280701182006
1.8054443554843873,0.029072961434943003
1.809447558046437,0.02769610895844803
1.8134507606084866,0.026288263996442907
1.8174539631705362,0.024851001954868137
1.821457165732586,0.023385931157949427
1.8254603682946355,0.021894691048451733
1.8294635708566853,0.020378950353110235
1.8334667734187349,0.01884040521529356
1.8374699759807844,0.01728077729698526
1.8414731785428342,0.01570181185221109
1.8454763811048838,0.014105275774065904
1.8494795836669333,0.012492955617525281
1.853482786228983,0.010866655600256285
1.8574859887910327,0.009228195583662507
1.8614891913530824,0.007579409036423424
1.865492393915132,0.005922140982807833
1.8694955964771816,0.0042582459380550615
1.8734987990392313,0.0025895858331368934
1.877502001601281,0.0009180279312202693
1.8815052041633304,-0.0007545572618367482
1.8855084067253802,-0.0024262980906173855
1.8895116092874298,-0.004095323844564413
1.8935148118494796,-0.005759766851342854
1.8975180144115291,-0.007417764566800659
1.9015212169735787,-0.009067461659192593
1.9055244195356285,-0.010707012085332444
1.909527622097678,-0.012334581156350681
1.9135308246597276,-0.013948347590748115
1.9175340272217773,-0.015546505552444745
1.921537229783827,-0.017127266671545367
1.9255404323458765,-0.018688862045560816
1.9295436349079262,-0.020229544218844157
1.9335468374699758,-0.021747589138027025
1.9375500400320256,-0.023241298081270068
1.9415532425940751,-0.02470899955916448
1.9455564451561247,-0.026149051185162378
1.9495596477181745,-0.02755984151343864
1.953562850280224,-0.028939791842130386
1.9575660528422736,-0.030287357979935266
1.9615692554043234,-0.031601031974091004
1.965572457966373,-0.0328793437978048
1.9695756605284227,-0.03412086299524151
1.9735788630904723,-0.035324200282231204
1.9775820656525218,-0.03648800910090602
1.9815852682145716,-0.03761098712652422
1.9855884707766212,-0.038691877724796625
1.9895916733386707,-0.039729471358085584
1.9935948759007205,-0.04072260693890078
1.99759807846277,-0.041670173129178416
2.00160128102482,-0.042571109583890855
2.005604483586869,-0.04342440813759291
2.009607686148919,-0.044229113932578695
2.0136108887109687,-0.044984326487386136
2.0176140912730185,-0.04568920070445298
2.021617293835068,-0.04634294781579759
2.0256204963971176,-0.0469448362656661
2.0296236989591674,-0.04749419252915668
2.0336269015212167,-0.047990401865907806
2.0376301040832665,-0.04843290900800436
2.0416333066453163,-0.048821218781333144
2.0456365092073656,-0.04915489665969268
2.0496397117694154,-0.04943356925103623
2.053642914331465,-0.04965692471530492
2.0576461168935145,-0.049824713113382664
2.0616493194555643,-0.04993674668678316
2.065652522017614,-0.04999290006775508
2.0696557245796634,-0.04999311041957109
2.073658927141713,-0.049937377506843426
2.077662129703763,-0.04982576369578722
2.0816653322658123,-0.049658393884431606
2.085668534827862,-0.04943545536285618
2.089671737389912,-0.04915719760361001
2.0936749399519616,-0.04882393198254675
2.097678142514011,-0.048436031430389256
2.1016813450760607,-0.04799393001541256
2.1056845476381105,-0.047498122457713156
2.10968775020016,-0.046949163575607786
2.1136909527622096,-0.046347667664780316
2.1176941553242594,-0.04569430781087363
2.1216973578863088,-0.04498981513629341
2.1257005604483585,-0.04423497798206738
2.1297037630104083,-0.043430641025677306
2.1337069655724576,-0.04257770433584794
2.1377101681345074,-0.041677122365352086
2.141713370696557,-0.04072990288296045
2.1457165732586065,-0.03973710584572784
2.1497197758206563,-0.03869984221288082
2.153722978382706,-0.037619272702633134
2.157726180944756,-0.03649660649331857
2.161729383506805,-0.0353330998702979
2.165732586068855,-0.03413005482014968
2.1697357886309048,-0.03288881757372341
2.173738991192954,-0.03161077709968037
2.177742193755004,-0.03029736355020972
2.1817453963170537,-0.02895004666066214
2.185748598879103,-0.027570334104885824
2.189751801441153,-0.026159769808110595
2.1937550040032026,-0.02471993221926598
2.197758206565252,-0.023252432544665188
2.2017614091273017,-0.021758912945034473
2.2057646116893515,-0.020241044697902957
2.209767814251401,-0.018700526327411163
2.2137710168134506,-0.017139081703628465
2.2177742193755003,-0.015558458113509342
2.2217774219375497,-0.013960424305645933
2.2257806244995995,-0.012346768511002044
2.2297838270616492,-0.010719296441850053
2.233787029623699,-0.009079829271142528
2.2377902321857484,-0.007430201594584018
2.241793434747798,-0.005772259377683249
2.245796637309848,-0.004107857890081395
2.2497998398718972,-0.002438859629469917
2.253803042433947,-0.0007671322374183016
2.257806244995997,0.0009054535905527148
2.261809447558046,0.0025770261983151677
2.265812650120096,0.004245715063555488
2.2698158526821457,0.005909652890923107
2.273819055244195,0.007566977701571398
2.277822257806245,0.009215834916749337
2.2818254603682946,0.010854379433108973
2.285828662930344,0.012480777687413945
2.2898318654923937,0.01409320970833177
2.2938350680544435,0.0156898711530167
2.2978382706164933,0.01726897532620573
2.3018414731785426,0.018828755179563877
2.3058446757405924,0.02036746528904768
2.309847878302642,0.021883383808066578
2.3138510808646915,0.023374814394263803
2.3178542834267413,0.02484008810775742
2.321857485988791,0.026277565278714568
2.3258606885508404,0.027685637342175634
2.32986389111289,0.029062728638069187
2.33386709367494,0.03040729817440582
2.3378702962369893,0.03171784135167912
2.341873498799039,0.032992891646541234
2.345876701361089,0.034231022252871356
2.349879903923138,0.035430847678399005
2.353883106485188,0.036591025295097716
2.3578863090472377,0.03771025684161151
2.361889511609287,0.038787289876034206
2.365892714171337,0.0398209191774176
2.3698959167333866,0.040809988094435645
2.3738991192954364,0.041753389839700714
2.3779023218574857,0.042650068728280255
2.3819055244195355,0.04349902135902852
2.3859087269815853,0.044299297737412174
2.3899119295436346,0.04505000233857236
2.3939151321056844,0.04575029510943497
2.397918334667734,0.046399392408746104
2.4019215372297835,1.2469965678839816
2.4059247397918333,-0.45245884671584924
2.409927942353883,0.8480325392075807
2.4139311449159324,0.04847017578384958
2.417934347477982,0.04885357328910265
2.421937550040032,0.049182302694061875
2.4259407526020813,0.04945599614411872
2.429943955164131,0.049674347370970415
2.433947157726181,0.04983711203534006
2.43795036028823,0.04994410800039721
2.44195356285028,0.04999521553557243
2.4459567654123298,0.04999037745053815
2.4499599679743795,0.04992959915920578
2.453963170536429,0.04981294867366745
2.4579663730984787,0.04964055652808907
2.4619695756605284,0.04941261563264016
2.4659727782225778,0.04912938105762363
2.4699759807846275,0.04879116974804688
2.4739791833466773,0.048398360168954574
2.4779823859087267,0.04795139188191854
2.4819855884707764,0.04745076505315993
2.485988791032826,0.04689703989385361
2.4899919935948756,0.0462908360332407
2.4939951961569253,0.045632831825251484
2.497998398718975,0.04492376358941412
2.5020016012810244,0.044164424786898984
2.5060048038430742,0.04335566513261974
2.510008006405124,0.04249838964438599
2.514011208967174,0.04159355763017098
2.518014411529223,0.04064218161462682
2.522017614091273,0.03964532620604986
2.5260208166533227,0.03860410690506359
2.530024019215372,0.03751968885635115
2.534027221777422,0.03639328554483606
2.5380304243394716,0.0352261574377688
2.542033626901521,0.034019610574239835
2.5460368294635707,0.032774995103695734
2.5500400320256205,0.03149370377509594
2.55404323458767,0.030177170378400165
2.5580464371497196,0.028826868140127943
2.5620496397117694,0.027444308074791264
2.5660528422738187,0.026031037294039085
2.5700560448358685,0.024588637275408325
2.5740592473979182,0.023118722092621655
2.5780624499599676,0.021622936609405893
2.5820656525220174,0.02010295463885804
2.586068855084067,0.0185604770704163
2.590072057646117,0.01699722996653056
2.5940752602081663,0.015414962631166316
2.598078462770216,0.013815445652297484
2.602081665332266,0.012200468920586138
2.606084867894315,0.010571839626458973
2.610088070456365,0.008931380237824983
2.6140912730184147,0.007280926460700606
2.618094475580464,0.0056223251850170165
2.622097678142514,0.003957432417915008
2.6261008807045636,0.0022881112068373756
2.630104083266613,0.0006162295547414675
2.6341072858286627,-0.001056341670231807
2.6381104883907125,-0.0027277308282962326
2.642113690952762,-0.004396067602420961
2.6461168935148116,-0.006059485091252775
2.6501200960768614,-0.007716121898214534
2.654123298638911,-0.00936412421444369
2.6581265012009605,-0.011001647893241569
2.6621297037630103,-0.012626860513708933
2.66613290632506,-0.01423794343126014
2.6701361088871094,-0.015833093812722916
2.674139311449159,-0.017410526653743093
2.678142514011209,-0.018968476776239612
2.6821457165732583,-0.020505200803672505
2.686148919135308,-0.022018979111916227
2.690152121697358,-0.023508117753552018
2.694155324259407,-0.02497095035342747
2.698158526821457,-0.026405839973364504
2.7021617293835067,-0.027811180943923042
2.706164931945556,-0.029185400661177387
2.710168134507606,-0.030526961346491445
2.7141713370696556,-0.03183436176732114
2.718174539631705,-0.03310613891712446
2.7221777421937547,-0.034340869652493666
2.7261809447558045,-0.035537172285680145
2.7301841473178543,-0.0366937081307308
2.7341873498799036,-0.03780918300150261
2.7381905524419534,-0.03888234865988355
2.742193755004003,-0.039912004212593846
2.7461969575660525,-0.04089699745500969
2.7502001601281023,-0.041836226160503226
2.754203362690152,-0.04272863931385441
2.7582065652522014,-0.043573238287358124
2.762209767814251,-0.044369077958308606
2.766212970376301,-0.045115267766608944
2.7702161729383503,-0.04581097271132621
2.7742193755004,-0.04645541428507328
2.77822257806245,-0.047047871345173936
2.782225780624499,-0.047587680920635346
2.786228983186549,-0.04807423895402585
2.7902321857485988,-0.048507000977426835
2.7942353883106485,-0.04888548272170282
2.798238590872698,-0.049209260658408194
2.8022417934347477,-0.04947797247372394
2.8062449959967974,-0.0496913174738935
2.8102481985588468,-0.04984905692170525
2.8142514011208966,-0.04995101430364396
2.8182546036829463,-0.049997075527412824
2.8222578062449957,-0.049987189049605106
2.8262610088070454,-0.04992136593338206
2.8302642113690952,-0.049799679836093125
2.8342674139311446,-0.04962226692685193
2.8382706164931943,-0.04938932573416033
2.842273819055244,-0.04910111692375116
2.8462770216172935,-0.04875796300689836
2.8502802241793432,-0.04836024797952018
2.854283426741393,-0.04790841689248076
2.8582866293034423,-0.047402975353569354
2.862289831865492,-0.046844488961714975
2.866293034427542,-0.04623358267407093
2.8702962369895917,-0.04557094010667487
2.874299439551641,-0.04485730276946967
2.878302642113691,-0.04409346923653897
2.8823058446757406,-0.043280294252487306
2.88630904723779,-0.04241868777596467
2.8903122497998397,-0.04150961396140406
2.8943154523618895,-0.04055409008011506
2.898318654923939,-0.03955318538193691
2.9023218574859886,-0.038508019898726445
2.9063250600480384,-0.037419763191022005
2.9103282626100877,-0.03628963303928121
2.9143314651721375,-0.03511889408116136
2.9183346677341873,-0.03390885639636559
2.9223378702962366,-0.03266087404063747
2.9263410728582864,-0.031376343530546726
2.930344275420336,-0.03005670228075968
2.934347477982386,-0.028703426995544724
2.9383506805444353,-0.027318032016311323
2.942353883106485,-0.025902067627031424
2.946357085668535,-0.02445711831944341
2.950360288230584,-0.022984801019973366
2.954363490792634,-0.02148676328036346
2.9583666933546837,-0.019964681434029956
2.962369895916733,-0.018420258720212506
2.966373098478783,-0.01685522337801688
2.9703763010408326,-0.015271326712481418
2.974379503602882,-0.013670341134833253
2.9783827061649317,-0.012054058179124591
2.9823859087269815,-0.010424286497471721
2.986389111289031,-0.008782849836138744
2.9903923138510806,-0.0071315849947280645
2.9943955164131304,-0.005472339770768123
2.9983987189751797,-0.0038069708919909045
3.0024019215372295,-0.0021373419386163882
3.0064051240992793,-0.0004653212579722555
3.010408326661329,0.0012072201262252858
3.0144115292233784,0.0028784106075818968
3.018414731785428,0.004546380091390369
3.022417934347478,0.006209262087302502
3.0264211369095273,0.007865195797967465
3.030424339471577,0.009512328201302211
3.034427542033627,0.011148816124057024
3.038430744595676,0.01277282830436333
3.042433947157726,0.014382547440952458
3.0464371497197757,0.015976172226748905
3.050440352281825,0.01755191936456996
3.054443554843875,0.019108025562669273
3.0584467574059246,0.020642749507894204
3.062449959967974,0.022154373814250165
3.0664531625300238,0.023641206944688315
3.0704563650920735,0.025101585103968822
3.074459567654123,0.026533874100479516
3.0784627702161727,0.02793647117492908
3.0824659727782224,0.029307806793865427
3.086469175340272,0.030646346406013963
3.0904723779023215,0.03195059215947049
3.0944755804643713,0.03321908457782765
3.098478783026421,0.03445040419335566
3.1024819855884704,0.03564317313541586
3.10648518815052,0.03679605667232424
3.11048839071257,0.03790776470494184
3.1144915932746193,0.03897705321032159
3.118494795836669,0.0400027256337937
3.122497998398719,0.040983634227933885
3.1265012009607682,0.041918681336914565
3.130504403522818,0.04280682062480426
3.134507606084868,0.043647058246436554
3.138510808646917,0.044438453959542865
3.142514011208967,0.04518012217690231
3.1465172137710167,0.045871232957330026
3.1505204163330665,0.046511012934398174
3.154523618895116,0.04709874618184807
3.1585268214571656,0.04763377501472538
3.1625300240192153,0.04811550072534252
3.1665332265812647,0.048543384253244067
3.1705364291433145,0.048916946788426154
3.1745396317053642,0.04923577030713407
3.1785428342674136,0.04949949803963885
3.1825460368294634,0.04970783486946989
3.186549239391513,0.04986054766365566
3.1905524419535625,0.04995746553360426
3.1945556445156122,0.04999848002633102
3.198558847077662,0.049983545245819536
3.2025620496397114,1.24991267790438
3.206565252201761,-0.4502140426960514
3.210568454763811,0.8496035252473456
3.2145716573258603,0.049365585879596705
3.21857485988791,0.04907240545949003
3.22257806244996,0.04872431206162749
3.2265812650120096,0.048321695209302996
3.230584467574059,0.047865005438618345
3.2345876701361087,0.04735475379432413
3.2385908726981585,0.04679151125795137
3.242594075260208,0.04617590810887154
3.2465972778222576,0.04550863321900177
3.2506004803843074,0.04479043328194407
3.2546036829463567,0.04402211197742018
3.2586068855084065,0.04320452907193858
3.2626100880704563,0.04233859945669885
3.2666132906325056,0.04142529212381099
3.2706164931945554,0.04046562908197381
3.274619695756605,0.03946068421282752
3.2786228983186545,0.038411582069259716
3.2826261008807043,0.03731949661700761
3.286629303442754,0.036185649920968906
3.290632506004804,0.035011310777686606
3.294635708566853,0.033797793295540834
3.298638911128903,0.032546455424236315
3.3026421136909527,0.03125869743522992
3.306645316253002,0.029935960354800187
3.310648518815052,0.028579724351510044
3.3146517213771016,0.027191507079869705
3.318654923939151,0.02577286198205235
3.3226581265012007,0.024325376549560393
3.3266613290632505,0.022850670546793534
3.3306645316253,0.02135039419849996
3.3346677341873496,0.019826226343141712
3.3386709367493994,0.018279872554243806
3.3426741393114487,0.016713063231822502
3.3466773418734985,0.015127551666034576
3.3506805444355483,0.013525112075211993
3.3546837469975976,0.01190753762047604
3.3586869495596474,0.010276638399155744
3.362690152121697,0.008634239419253368
3.366693354683747,0.006982178557225416
3.3706965572457963,0.0053223045013629094
3.374699759807846,0.0036564746830719305
3.378702962369896,0.001986553198373986
3.382706164931945,0.00031440872194430036
3.386709367493995,-0.0013580875839708448
3.3907125700560448,-0.0030290641634205867
3.394715772618094,-0.00469665116105812
3.398718975180144,-0.0063589825145445415
3.4027221777421937,-0.008014198042709328
3.406725380304243,-0.00966044552712859
3.4107285828662928,-0.011295882784794641
3.4147317854283425,-0.012918679729554136
3.418734987990392,-0.014527020420009444
3.4227381905524417,-0.016119105091594345
3.4267413931144914,-0.017693152170543413
3.430744595676541,-0.01924740026750897
3.4347477982385906,-0.020780110148590256
3.4387510008006403,-0.022289566681569676
3.44275420336269,-0.023774080755178718
3.4467574059247394,-0.025231991169247334
3.4507606084867892,-0.026661666493618615
3.454763811048839,-0.028061506893751295
3.4587670136108883,-0.02942994592096512
3.462770216172938,-0.03076545226532834
3.466773418734988,-0.03206653146922295
3.4707766212970372,-0.033331727599671256
3.474779823859087,-0.03455962487755481
3.478783026421137,-0.03574884926189705
3.482786228983186,-0.036898069987442744
3.486789431545236,-0.03800600105381095
3.4907926341072857,-0.03907140266455294
3.494795836669335,-0.040093082614509834
3.498799039231385,-0.04106989762391302
3.5028022417934346,-0.04200075461773608
3.5068054443554844,-0.04288461194886783
3.5108086469175337,-0.04372048056373482
3.5148118494795835,-0.044507425109072685
3.5188150520416333,-0.04524456497860346
3.5228182546036826,-0.045931075298451765
3.5268214571657324,-0.04656618785019513
3.530824659727782,-0.047149191930514464
3.5348278622898315,-0.04767943514648564
3.5388310648518813,-0.048156324145619656
3.542834267413931,-0.04857932527983543
3.5468374699759804,-0.04894796520262279
3.55084067253803,-0.04926183139872614
3.55484387510008,-0.049520572645757224
3.5588470776621293,-0.04972389940721965
3.562850280224179,-0.04987158415650612
3.566853482786229,-0.049963461631504905
3.5708566853482786,-0.049999429019531465
3.574859887910328,-0.04997944607237792
3.5788630904723777,-0.0499035351513514
3.5828662930344275,-0.049771781202251494
3.586869495596477,-0.04958433166031412
3.5908726981585266,-0.04934139628522866
3.5948759007205764,-0.049043246926412765
3.5988791032826257,-0.048690217218807674
3.6028823058446755,-0.04828270220953399
3.6068855084067253,-0.047821157915826425
3.6108887109687746,-0.04730610081474176
3.6148919135308244,-0.04673810726521041
3.618895116092874,-0.046117812863080296
3.6228983186549235,-0.04544591172987233
3.6269015212169733,-0.04472315573604451
3.630904723779023,-0.043950353659635163
3.6349079263410724,-0.04312837028122373
3.638911128903122,-0.04225812541622473
3.642914331465172,-0.041340592885596716
3.6469175340272217,-0.04037679942611698
3.650920736589271,-0.03936782354144397
3.654923939151321,-0.03831479429524943
3.6589271417133706,-0.03721889004777559
3.66293034427542,-0.0360813371372264
3.6669335468374697,-0.034903408507470535
3.6709367493995195,-0.033686422283593885
3.674939951961569,-0.032431740296890624
3.6789431545236186,-0.031140766560947903
3.6829463570856684,-0.029814945700527746
3.6869495596477178,-0.028455761335002962
3.6909527622097675,-0.027064734418158695
3.6949559647718173,-0.02564342153621524
3.6989591673338666,-0.02419341316597834
3.7029623698959164,-0.022716331895063738
3.706965572457966,-0.02121383060619046
3.710968775020016,-0.01968759062757336
3.7149719775820653,-0.018139319851483118
3.718975180144115,-0.016570750823082
3.722978382706165,-0.014983638801672554
3.726981585268214,-0.013379759796527273
3.730984787830264,-0.011760908579500273
3.7349879903923138,-0.010128896676642291
3.738991192954363,-0.008485550341068427
3.742994395516413,-0.006832708509344293
3.7469975980784627,-0.005172220743680687
3.751000800640512,-0.0035059451622381473
3.755004003202562,-0.0018357463598545959
3.7590072057646116,-0.00016349332152968072
3.763010408326661,0.0015089426690069083
3.7670136108887107,0.0031796901232994572
3.7710168134507605,0.0048468794423961415
3.77502001601281,0.006508645008967741
3.7790232185748596,0.008163127274970842
3.7830264211369093,0.009808474842516027
3.787029623698959,0.01144284653562029
3.7910328262610085,0.013064413460517278
3.7950360288230582,0.014671361052226235
3.799039231385108,0.016261891105085066
3.8030424339471574,0.017834223784976826
3.807045636509207,0.019386599621000616
3.811048839071257,0.020917281474351637
3.8150520416333062,0.022424556482214364
3.819055244195356,0.023906737974490347
3.823058446757406,0.025362167361212856
3.827061649319455,0.026789215988543086
3.831064851881505,0.02818628696126493
3.8350680544435547,0.029551816929741355
3.839071257005604,0.030884277839334024
3.843074459567654,0.032182178640325625
3.8470776621297036,0.03344406695643364
3.851080864691753,0.03466853071004781
3.8550840672538027,0.0358541997023726
3.8590872698158525,0.036999747146705474
3.8630904723779023,0.0381038911531385
3.8670936749399516,0.03916539616301713
3.8710968775020014,0.04018307433155469
3.875100080064051,0.04115578685705401
3.8791032826261005,0.04208244525524769
3.8831064851881503,0.04296201257733545
3.8871096877502,0.04379350457034725
3.8911128903122494,0.04457599077854366
3.895116092874299,0.04530859558461304
3.899119295436349,0.0459904991895045
3.9031224979983983,0.04662093852979908
3.907125700560448,0.04719920813159255
3.911128903122498,0.047724660899934525
3.915132105684547,0.04819670884293996
3.919135308246597,0.04861482372976412
3.9231385108086467,0.048978537681702794
3.9271417133706965,0.049287443695757806
3.931144915932746,0.04954119610008104
3.9351481184947956,0.04973951094078857
3.9391513210568454,0.049882166299709874
3.9431545236188947,0.049969002542719076
3.9471577261809445,0.049999922498368474
3.9511609287429943,0.04997489156662533
3.9551641313050436,0.04989393775758989
3.9591673338670934,0.049757151660151655
3.963170536429143,0.049564686340618544
3.9671737389911925,0.04931675717143286
3.9711769415532423,0.04901364159016513
3.975180144115292,0.04865567878905621
3.9791833466773414,0.048243269335454496
3.983186549239391,0.04777687472357328
3.987189751801441,0.04725701685806963
3.9911929543634903,0.04668427747002343
3.99519615692554,0.04605929746596776
3.99919935948759,0.045382776210703614
4.00320256204964,1.2446554707446957
4.007205764611689,-0.4561218050630699
4.011208967173738,0.8430518185741793
4.015212169735788,0.04217726638769231
4.019215372297838,0.04125551701840454
4.023218574859888,0.0402876019218178
4.027221777421937,0.03927460421378287
4.031224979983987,0.03821765745847042
4.035228182546037,0.037117944399891245
4.039231385108086,0.03597669563838362
4.043234587670136,0.03479518825354518
4.047237790232185,0.0335747443751581
4.051240992794235,0.032316729703699955
4.055244195356285,0.031022551982096948
4.059247397918335,0.029693659420433206
4.063250600480384,0.028331539075375202
4.0672538030424334,0.02693771518612639
4.071257005604483,0.025513747468773818
4.075260208166533,0.024061229370935168
4.079263410728583,0.02258178628866102
4.083266613290633,0.021077073747583195
4.0872698158526815,0.01954877555035052
4.091273018414731,0.01799860189242056
4.095276220976781,0.0164282874483176
4.099279423538831,0.014839589430498033
4.103282626100881,0.013234285622995055
4.10728582866293,0.011614172392045062
4.11128903122498,0.009981062675916792
4.115292233787029,0.008336783956199434
4.119295436349079,0.006683176212814797
4.123298638911129,0.005022089865043923
4.127301841473178,0.0033553837008715084
4.131305044035228,0.001684922796967352
4.135308246597278,1.257643162710363e-05
4.139311449159327,-0.0016597840069847991
4.143314651721377,-0.003330287114957073
4.147317854283426,-0.004997063566765476
4.151321056845476,-0.006658248207088037
4.155324259407526,-0.008311982137948776
4.159327461969576,-0.009956414798859704
4.163330664531625,-0.011589706037635828
4.167333867093674,-0.013210028169561612
4.171337069655724,-0.01481556802260268
4.175340272217774,-0.01640452896638411
4.179343474779824,-0.017975132922653084
4.1833466773418735,-0.019525622354983785
4.187349879903923,-0.02105426223549357
4.191353082465972,-0.022559341986374635
4.195356285028022,-0.02403917739406418
4.199359487590072,-0.025492112493909355
4.2033626901521215,-0.026916521423227126
4.207365892714171,-0.028310810240675034
4.211369095276221,-0.0296734187099017
4.21537229783827,-0.03100282204548325
4.21937550040032,-0.0322975326191878
4.2233787029623695,-0.033556101624659336
4.227381905524419,-0.03477712069866029
4.231385108086469,-0.03595922349705878
4.235388310648519,-0.03710108722379348
4.239391513210568,-0.03820143411110725
4.2433947157726175,-0.039259032849396525
4.247397918334667,-0.04027269996506862
4.251401120896717,-0.04124130114487202
4.255404323458767,-0.04216375250521611
4.259407526020817,-0.0430390218050573
4.263410728582866,-0.04386612960099639
4.267413931144915,-0.044644150343295726
4.271417133706965,-0.04537221341158732
4.275420336269015,-0.04604950408911335
4.279423538831065,-0.046675264474410116
4.283426741393114,-0.047248794329415346
4.287429943955164,-0.04776945186304767
4.291433146517213,-0.048236654449383
4.295436349079263,-0.04864987927962533
4.299439551641313,-0.04900866394713897
4.303442754203362,-0.04931260696489086
4.307445956765412,-0.04956136821472268
4.311449159327462,-0.049754669327949426
4.315452361889512,-0.04989229399685946
4.319455564451561,-0.04997408821676692
4.32345876701361,-0.04999996045834626
4.32746196957566,-0.0499698817700551
4.33146517213771,-0.049883885810531596
4.33546837469976,-0.04974206881092989
4.3394715772618095,-0.049544589467235445
4.343474779823858,-0.04929166876268133
4.347477982385908,-0.04898358972046331
4.351481184947958,-0.04862069708703177
4.355484387510008,-0.04820339694631343
4.3594875900720576,-0.047732156265295936
4.363490792634107,-0.04720750237148214
4.367493995196156,-0.046630022362800734
4.371497197758206,-0.046000362450632104
4.375500400320256,-0.04531922723668523
4.379503602882306,-0.04458737892453449
4.383506805444355,-0.043805636466699625
4.387510008006405,-0.042974874648220994
4.391513210568455,-0.04209602310775869
4.395516413130504,-0.041170065297308586
4.399519615692554,-0.04019803738170044
4.403522818254603,-0.03918102707910922
4.407526020816653,-0.038120172443877054
4.411529223378703,-0.03701666059300919
4.415532425940753,-0.03587172637776555
4.419535628502802,-0.03468665100183901
4.423538831064851,-0.03346276058766332
4.427542033626901,-0.03220142469245623
4.431545236188951,-0.03090405477565827
4.435548438751001,-0.0295721026194819
4.4395516413130505,-0.028207058704340027
4.443554843875099,-0.026810450540968003
4.447558046437149,-0.025383840961108975
4.451561248999199,-0.023928826368677436
4.455564451561249,-0.022447034953349147
4.4595676541232985,-0.020940124868586346
4.463570856685348,-0.0194097823761327
4.467574059247398,-0.017857719959051634
4.471577261809447,-0.01628567440542606
4.475580464371497,-0.01469540486485664
4.4795836669335465,-0.013088690879942497
4.483586869495596,-0.01146733039493501
4.487590072057646,-0.009833137743804489
4.491593274619696,-0.00818794161996619
4.495596477181745,-0.00653358302993501
4.4995996797437945,-0.004871913233202962
4.503602882305844,-0.003204791670646904
4.507606084867894,-0.0015340838837744626
4.511609287429944,0.00013834057285150916
4.515612489991994,0.001810610223681613
4.5196156925540425,0.003480853766395733
4.523618895116092,0.005147202165930338
4.527622097678142,0.006807790745961932
4.531625300240192,0.008460761275516556
4.535628502802242,0.010104264048368216
4.539631705364291,0.011736459952895108
4.543634907926341,0.01335552253008033
4.54763811048839,0.014959640017356848
4.55164131305044,0.01654701737600508
4.55564451561249,0.018115878299834808
4.559647718174539,0.01966446720290648
4.563650920736589,0.021191051184067715
4.567654123298639,0.02269392196610244
4.571657325860688,0.024171397807325124
4.575660528422738,0.025621825383485664
4.579663730984787,0.027043581637868554
4.583666933546837,0.028435075597525363
4.587670136108887,0.02979475015360593
4.591673338670937,0.031121083803792606
4.5956765412329865,0.032412592354890156
4.599679743795035,0.03366783058366826
4.603682946357085,0.03488539385409446
4.607686148919135,0.03606391968914809
4.611689351481185,0.03720208929545876
4.6156925540432345,0.038298629039063024
4.619695756605284,0.03935231187062481
4.623698959167333,0.040361958698526705
4.627702161729383,0.04132643970829864
4.631705364291433,0.04224467562690028
4.6357085668534825,0.043115638930448896
4.639711769415532,0.04393835499403961
4.643714971977582,0.04471190318236879
4.647718174539631,0.04543541787994316
4.651721377101681,0.04610808945972034
4.6557245796637305,0.04672916518909734
4.65972778222578,0.047297950072233065
4.66373098478783,0.04781380762776177
4.66773418734988,0.048276160601028816
4.67173738991193,0.04868449161004946
4.6757405924739786,0.049038343724469136
4.679743795036028,0.04933732097687814
4.683746997598078,0.04958108880590618
4.687750200160128,0.04976937443060344
4.691753402722178,0.04990196715568755
4.6957566052842274,0.04997871860731596
4.699759807846276,0.04999954289911899
4.703763010408326,0.049964416728308425
4.707766212970376,0.04987337940175372
4.711769415532426,0.0497265327919969
4.7157726180944755,0.04952404122325526
4.719775820656525,0.049266131287539205
4.723779023218574,0.04895309159109157
4.727782225780624,0.04858527243143121
4.731785428342674,0.04816308540536401
4.7357886309047235,0.047687002948397235
4.739791833466773,0.04715755780607537
4.743795036028823,0.04657534243782771
4.747798238590873,0.045941008353994166
4.751801441152922,0.04525526538677288
4.7558046437149715,0.04451888089590406
4.759807846277021,0.04373267890997952
4.763811048839071,0.042897539204338565
4.767814251401121,0.04201439631658213
4.771817453963171,0.04108423850080769
4.7758206565252195,0.0401081066217328
4.779823859087269,0.03908709298994689
4.783827061649319,0.0380223401395963
4.787830264211369,0.0369150395498643
4.791833466773419,0.035766430311683355
4.795836669335468,0.034577797741169126
4.799839871897517,0.03335047194132542
4.803843074459567,1.232085826313633
4.807846277021617,-0.46921472397881264
4.811849479583667,0.8294502764051043
4.815852682145716,0.028082321355962753
4.819855884707766,0.026682941642113496
4.823859087269816,0.025253703196720118
4.827862289831865,0.023796205365447992
4.831865492393915,0.022312079116764874
4.835868694955964,0.020802985216858277
4.839871897518014,0.019270612371202603
4.843875100080064,0.017716675334866386
4.847878302642114,0.016142912993667335
4.851881505204163,0.014551086418326873
4.855884707766212,0.012942976893794348
4.859887910328262,0.011320383925957479
4.863891112890312,0.009685123227959926
4.867894315452362,0.00803902468838115
4.8718975180144115,0.006383930323556487
4.87590072057646,0.00472169221632639
4.87990392313851,0.003054170443516126
4.88390712570056,0.0013832309944770956
4.88791032826261,-0.0002892563169937251
4.8919135308246595,-0.001961419945010077
4.895916733386709,-0.0036313887058948566
4.899919935948759,-0.005297293872070044
4.903923138510808,-0.00695727126319785
4.907926341072858,-0.008609463332238372
4.9119295436349075,-0.010252021244077737
4.915932746196957,-0.011883106944410977
4.919935948759007,-0.013500895216562359
4.923939151321057,-0.015103575723937342
4.927942353883106,-0.01668935503582314
4.9319455564451555,-0.018256458634276034
4.935948759007205,-0.019803132899838132
4.939951961569255,-0.02132764707387371
4.943955164131305,-0.02282829519532023
4.947958366693355,-0.024303398009693944
4.951961569255404,-0.025751304848207368
4.955964771817453,-0.02717039547489865
4.959967974379503,-0.02855908189971018
4.963971176941553,-0.02991581015547768
4.967974379503603,-0.03123906203685009
4.971977582065652,-0.032527356799192365
4.975980784627702,-0.033779252815566416
4.979983987189751,-0.03499334918994001
4.983987189751801,-0.036168287324816764
4.987990392313851,-0.037302752441533166
4.9919935948759,-0.03839547505152177
4.99599679743795,-0.039445232376892715
5.0,-0.040450849718747385
